<?xml version="1.0" encoding="utf-8"?>
<CrmConnections xmlns:xsd="http://www.w3.org/2001/XMLSchema" xmlns:xsi="http://www.w3.org/2001/XMLSchema-instance">
  <ByPassProxyOnLocal>false</ByPassProxyOnLocal>
  <Connections>
    <ConnectionDetail>
      <AuthType>OnlineFederation</AuthType>
      <AzureAdAppId>51f81489-12ee-4a9e-aaae-a2591f45987d</AzureAdAppId>
      <BrowserName>None</BrowserName>
      <ConnectionId>f1d08ca3-64cb-4b18-9c2e-1881ac4b184e</ConnectionId>
      <ConnectionName>My DEV</ConnectionName>
      <EnvironmentHighlightingInfo>
        <Color>#000000</Color>
        <Text />
        <TextColor>White</TextColor>
      </EnvironmentHighlightingInfo>
      <IsCustomAuth>false</IsCustomAuth>
      <IsFromSdkLoginCtrl>true</IsFromSdkLoginCtrl>
      <LastUsedOn>0001-01-01 00:00:00</LastUsedOn>
      <NewAuthType>AD</NewAuthType>
      <Organization>unqc57c04905d4eee1194d2002248282</Organization>
      <OrganizationDataServiceUrl>https://orgd073ed3d.api.crm.dynamics.com/api/data/v9.2/</OrganizationDataServiceUrl>
      <OrganizationFriendlyName>mydev</OrganizationFriendlyName>
      <OrganizationServiceUrl>https://orgd073ed3d.api.crm.dynamics.com/XRMServices/2011/Organization.svc</OrganizationServiceUrl>
      <OrganizationUrlName>orgd073ed3d</OrganizationUrlName>
      <OrganizationVersion>9.2.23075.204</OrganizationVersion>
      <OriginalUrl>https://orgd073ed3d.crm.dynamics.com</OriginalUrl>
      <ReplyUrl>app://58145b91-0c36-4500-8554-080854f2ac97/</ReplyUrl>
      <SavePassword>false</SavePassword>
      <ServerName>orgd073ed3d.crm.dynamics.com</ServerName>
      <ServerPort>80</ServerPort>
      <TenantId>00000000-0000-0000-0000-000000000000</TenantId>
      <Timeout />
      <TimeoutTicks>1200000000</TimeoutTicks>
      <UseIfd>false</UseIfd>
      <UseMfa>false</UseMfa>
      <UserName>ArulMani@ezyads.onmicrosoft.com</UserName>
      <WebApplicationUrl>https://orgd073ed3d.crm.dynamics.com</WebApplicationUrl>
    </ConnectionDetail>
    <ConnectionDetail>
      <AuthType>OnlineFederation</AuthType>
      <AzureAdAppId>51f81489-12ee-4a9e-aaae-a2591f45987d</AzureAdAppId>
      <BrowserName>None</BrowserName>
      <ConnectionId>94d2760a-3403-4a44-875d-6bafe4fd551e</ConnectionId>
      <ConnectionName>dev</ConnectionName>
      <IsCustomAuth>false</IsCustomAuth>
      <IsFromSdkLoginCtrl>true</IsFromSdkLoginCtrl>
      <LastUsedOn>0001-01-01 00:00:00</LastUsedOn>
      <NewAuthType>AD</NewAuthType>
      <Organization>unq6fb948b11dc0ee119075000d3a106</Organization>
      <OrganizationDataServiceUrl>https://org2bd78687.api.crm.dynamics.com/api/data/v9.2/</OrganizationDataServiceUrl>
      <OrganizationFriendlyName>mydev</OrganizationFriendlyName>
      <OrganizationServiceUrl>https://org2bd78687.api.crm.dynamics.com/XRMServices/2011/Organization.svc</OrganizationServiceUrl>
      <OrganizationUrlName>org2bd78687</OrganizationUrlName>
      <OrganizationVersion>9.2.23123.240</OrganizationVersion>
      <OriginalUrl>https://org2bd78687.crm.dynamics.com</OriginalUrl>
      <ReplyUrl>app://58145b91-0c36-4500-8554-080854f2ac97/</ReplyUrl>
      <SavePassword>false</SavePassword>
      <ServerName>org2bd78687.crm.dynamics.com</ServerName>
      <ServerPort />
      <TenantId>00000000-0000-0000-0000-000000000000</TenantId>
      <Timeout />
      <TimeoutTicks>1200000000</TimeoutTicks>
      <UseIfd>false</UseIfd>
      <UseMfa>false</UseMfa>
      <UserName>arul.mani@cogmani.onmicrosoft.com</UserName>
      <WebApplicationUrl>https://org2bd78687.crm.dynamics.com</WebApplicationUrl>
    </ConnectionDetail>
  </Connections>
  <IsReadOnly>false</IsReadOnly>
  <Name>Default</Name>
  <UseCustomProxy>false</UseCustomProxy>
  <UseDefaultCredentials>false</UseDefaultCredentials>
  <UseDetailsView>false</UseDetailsView>
  <UseInternetExplorerProxy>true</UseInternetExplorerProxy>
  <UseMruDisplay>false</UseMruDisplay>
</CrmConnections>