<?xml version="1.0" encoding="utf-8"?>
<Settings xmlns:xsd="http://www.w3.org/2001/XMLSchema" xmlns:xsi="http://www.w3.org/2001/XMLSchema-instance">
  <ExcludeManagedAssemblies>false</ExcludeManagedAssemblies>
  <Mappings>
    <PluginAssemblyFileMapping>
      <ConnectionId>f1d08ca3-64cb-4b18-9c2e-1881ac4b184e</ConnectionId>
      <FilePath>C:\Users\aruli\source\repos\MyPlugin\bin\Debug\MyPlugin.dll</FilePath>
      <PluginAssemblyName>MyPlugin</PluginAssemblyName>
    </PluginAssemblyFileMapping>
  </Mappings>
</Settings>