<?xml version="1.0" encoding="utf-8"?>
<Options xmlns:xsd="http://www.w3.org/2001/XMLSchema" xmlns:xsi="http://www.w3.org/2001/XMLSchema-instance">
  <LibraryFilterMvp>false</LibraryFilterMvp>
  <LibraryFilterNew>false</LibraryFilterNew>
  <LibraryFilterOpenSource>false</LibraryFilterOpenSource>
  <LibraryFilterRating>false</LibraryFilterRating>
  <LibraryShowIncompatible>false</LibraryShowIncompatible>
  <LibraryShowInstalled>true</LibraryShowInstalled>
  <LibraryShowNotInstalled>true</LibraryShowNotInstalled>
  <LibraryShowUpdates>true</LibraryShowUpdates>
  <MostRatedMinNumberOfVotes>10</MostRatedMinNumberOfVotes>
  <MostRatedMinRatingAverage>4.5</MostRatedMinRatingAverage>
  <RepositoryUrl>https://www.xrmtoolbox.com/_odata/plugins</RepositoryUrl>
  <UseLegacyToolLibrary>false</UseLegacyToolLibrary>
  <BringToTop>true</BringToTop>
  <CheckUpdateOnStartup>true</CheckUpdateOnStartup>
  <DisplayPluginsStoreOnlyIfUpdates>false</DisplayPluginsStoreOnlyIfUpdates>
  <DisplayPluginsStoreOnStartup>false</DisplayPluginsStoreOnStartup>
  <DisplayToolsListFirst>false</DisplayToolsListFirst>
  <DoNotCheckForUpdates>false</DoNotCheckForUpdates>
  <ShowPluginUpdatesPanelAtStartup>true</ShowPluginUpdatesPanelAtStartup>
  <AllowLogUsage xsi:nil="true" />
  <CloseEachPluginSilently>false</CloseEachPluginSilently>
  <CloseOpenedPluginsSilently>false</CloseOpenedPluginsSilently>
  <ClosePluginsSilentlyOnWindowsShutdown>true</ClosePluginsSilentlyOnWindowsShutdown>
  <ConnectionControlsAllowPreReleaseUpdates>false</ConnectionControlsAllowPreReleaseUpdates>
  <ConnectionControlsVersion>1.2024.9.59</ConnectionControlsVersion>
  <DisplaySizeFactor>0</DisplaySizeFactor>
  <MergeConnectionFiles>false</MergeConnectionFiles>
  <NumberOfRecentConnectionsToDisplay>10</NumberOfRecentConnectionsToDisplay>
  <ReuseConnections>false</ReuseConnections>
  <ShowMostRecentConnections>false</ShowMostRecentConnections>
  <ShowSearchBarInCompactSelector>false</ShowSearchBarInCompactSelector>
  <UseDetailsViewForConnectionManager>false</UseDetailsViewForConnectionManager>
  <UseDetailsViewForConnectionSelector>false</UseDetailsViewForConnectionSelector>
  <DisplayOrder>Alphabetically</DisplayOrder>
  <DisplayRecentlyUpdatedFirst>false</DisplayRecentlyUpdatedFirst>
  <Theme>Light theme</Theme>
  <DoNotRememberPluginsWithoutConnection>false</DoNotRememberPluginsWithoutConnection>
  <DoNotShowStartPage>true</DoNotShowStartPage>
  <MruItemsToDisplay>10</MruItemsToDisplay>
  <DisplayLargeIcons>true</DisplayLargeIcons>
  <DoNotUseToolColors>false</DoNotUseToolColors>
  <HiddenPlugins />
  <NumberOfDaysToShowNewRibbon>7</NumberOfDaysToShowNewRibbon>
  <ShowCategoriesExpanded>true</ShowCategoriesExpanded>
  <UseLegacyToolsList>false</UseLegacyToolsList>
  <LastAdvertisementDisplay>2024-02-08T22:19:58.5154474+05:30</LastAdvertisementDisplay>
  <LastPlugin />
  <LastUpdateCheck>2025-04-18T15:04:40.4600259+05:30</LastUpdateCheck>
  <MostUsedList>
    <PluginUseCount>
      <Count>3</Count>
      <Name>Xrm.Sdk.PluginRegistration.Plugin</Name>
    </PluginUseCount>
    <PluginUseCount>
      <Count>1</Count>
      <Name>RibbonWorkbenchAppHost.Plugin</Name>
    </PluginUseCount>
    <PluginUseCount>
      <Count>1</Count>
      <Name>GuidoPreite.DRB.DRBPlugin</Name>
    </PluginUseCount>
  </MostUsedList>
  <OptinForApplicationInsights>true</OptinForApplicationInsights>
  <OrderForSettingsTab />
  <PluginsListDocking>Document</PluginsListDocking>
  <PluginsListIsHidden>false</PluginsListIsHidden>
  <PluginsStoreShowIncompatible xsi:nil="true" />
  <PluginsStoreShowInstalled xsi:nil="true" />
  <PluginsStoreShowNew xsi:nil="true" />
  <PluginsStoreShowUpdates xsi:nil="true" />
  <PluginsUpdateSkip />
  <FormSize>
    <Height>688</Height>
    <IsMaximized>true</IsMaximized>
    <Width>1296</Width>
  </FormSize>
  <RememberSession>false</RememberSession>
</Options>