<?xml version="1.0" encoding="utf-8"?>
<ArrayOfMostRecentlyUsedItem xmlns:xsd="http://www.w3.org/2001/XMLSchema" xmlns:xsi="http://www.w3.org/2001/XMLSchema-instance">
  <MostRecentlyUsedItem>
    <ConnectionId>f1d08ca3-64cb-4b18-9c2e-1881ac4b184e</ConnectionId>
    <ConnectionName>My DEV</ConnectionName>
    <Date>2023-09-16T11:53:16.1380393+05:30</Date>
    <PluginName>Plugin Registration</PluginName>
  </MostRecentlyUsedItem>
  <MostRecentlyUsedItem>
    <ConnectionId>f1d08ca3-64cb-4b18-9c2e-1881ac4b184e</ConnectionId>
    <ConnectionName>My DEV</ConnectionName>
    <Date>2023-09-30T14:32:18.8599026+05:30</Date>
    <PluginName>Ribbon Workbench</PluginName>
  </MostRecentlyUsedItem>
  <MostRecentlyUsedItem>
    <ConnectionId>94d2760a-3403-4a44-875d-6bafe4fd551e</ConnectionId>
    <ConnectionName>dev</ConnectionName>
    <Date>2024-02-08T22:19:58.4352243+05:30</Date>
    <PluginName>Dataverse REST Builder</PluginName>
  </MostRecentlyUsedItem>
</ArrayOfMostRecentlyUsedItem>